{
    "protein fiber -> microfilament": {
        "relations": [
            "subclass-of",
            "no-relation",
            "element",
            "has-part",
            "possesses",
            "has-region"
        ],
        "confidence": [
            0.9256779817058317,
            0.00017361883739251815,
            4.480782216913021e-06,
            3.8472696459502154e-06,
            9.21575551502182e-09,
            2.4135488727258e-09
        ]
    },
    "microfilament -> protein fiber": {
        "relations": [
            "subclass-of",
            "no-relation",
            "element",
            "has-part",
            "possesses",
            "has-region"
        ],
        "confidence": [
            0.92893887672271,
            0.0001523604670816946,
            4.18300221287908e-06,
            3.7648897095893935e-06,
            8.64976063428894e-09,
            2.2924359110186127e-09
        ]
    },
    "protein fiber -> cytoskeleton": {
        "relations": [
            "has-part",
            "no-relation",
            "subclass-of",
            "element",
            "has-region",
            "possesses"
        ],
        "confidence": [
            0.9567879959847267,
            1.075648981590298e-05,
            3.662944814395768e-06,
            3.42124720698258e-06,
            1.1987975369696247e-06,
            6.974077768004542e-08
        ]
    },
    "cytoskeleton -> protein fiber": {
        "relations": [
            "has-part",
            "no-relation",
            "subclass-of",
            "element",
            "has-region",
            "possesses"
        ],
        "confidence": [
            0.9579455363141477,
            9.579204417317787e-06,
            3.4709791386927537e-06,
            3.341151875164211e-06,
            1.1862788893753562e-06,
            6.61651223435342e-08
        ]
    },
    "microfilament -> cytoskeleton": {
        "relations": [
            "has-part",
            "element",
            "subclass-of",
            "no-relation",
            "has-region",
            "possesses"
        ],
        "confidence": [
            0.7480718268122322,
            0.0015601941807167339,
            0.0005525381392632151,
            7.330768380948811e-05,
            1.2608853038978922e-06,
            7.674815425385797e-08
        ]
    },
    "cytoskeleton -> microfilament": {
        "relations": [
            "has-part",
            "element",
            "subclass-of",
            "no-relation",
            "has-region",
            "possesses"
        ],
        "confidence": [
            0.7517848316887087,
            0.0015718656533908128,
            0.0004946109156760016,
            7.087653717286563e-05,
            1.2155159608167017e-06,
            7.450087755683147e-08
        ]
    }
}