{
    "eukaryotic -> prokaryotic": {
        "relations": [
            "taxonomy",
            "no-relation",
            "meronym",
            "spatial"
        ],
        "confidence": [
            0.996293842792511,
            0.003138243919238448,
            0.0005069421022199094,
            6.0992017097305506e-05
        ]
    },
    "eukaryotic -> cell": {
        "relations": [
            "taxonomy",
            "no-relation",
            "meronym",
            "spatial"
        ],
        "confidence": [
            0.9952747821807861,
            0.00402479525655508,
            0.0006552542326971889,
            4.50472034572158e-05
        ]
    },
    "prokaryotic -> cell": {
        "relations": [
            "taxonomy",
            "no-relation",
            "meronym",
            "spatial"
        ],
        "confidence": [
            0.9964350461959839,
            0.0031100010965019464,
            0.0004065952671226114,
            4.8336143663618714e-05
        ]
    },
    "cell -> prokaryote": {
        "relations": [
            "no-relation",
            "taxonomy",
            "meronym",
            "spatial"
        ],
        "confidence": [
            0.8668340444564819,
            0.11369062215089798,
            0.018309514969587326,
            0.0011657392606139183
        ]
    },
    "Animal cell -> protist": {
        "relations": [
            "no-relation",
            "taxonomy",
            "meronym",
            "spatial"
        ],
        "confidence": [
            0.9860785603523254,
            0.012680373154580593,
            0.0011002892861142755,
            0.00014083761197980493
        ]
    },
    "fungi -> Animal cell": {
        "relations": [
            "no-relation",
            "taxonomy",
            "meronym",
            "spatial"
        ],
        "confidence": [
            0.993733823299408,
            0.005566255655139685,
            0.0006061849417164922,
            9.366994345327839e-05
        ]
    },
    "plant -> Animal cell": {
        "relations": [
            "no-relation",
            "taxonomy",
            "meronym",
            "spatial"
        ],
        "confidence": [
            0.985917866230011,
            0.01259043999016285,
            0.0013503538211807609,
            0.0001413547433912754
        ]
    },
    "Animal cell -> eukaryote": {
        "relations": [
            "no-relation",
            "taxonomy",
            "meronym",
            "spatial"
        ],
        "confidence": [
            0.854320764541626,
            0.14416304230690002,
            0.0013332744129002094,
            0.00018305513367522508
        ]
    },
    "fungi -> protist": {
        "relations": [
            "no-relation",
            "taxonomy",
            "meronym",
            "spatial"
        ],
        "confidence": [
            0.9922772645950317,
            0.007051702588796616,
            0.0005802835221402347,
            9.078437142306939e-05
        ]
    },
    "plant -> protist": {
        "relations": [
            "no-relation",
            "taxonomy",
            "meronym",
            "spatial"
        ],
        "confidence": [
            0.9887338876724243,
            0.010222592391073704,
            0.0009206529357470572,
            0.0001229874906130135
        ]
    },
    "protist -> eukaryote": {
        "relations": [
            "no-relation",
            "taxonomy",
            "meronym",
            "spatial"
        ],
        "confidence": [
            0.7718451023101807,
            0.22689150273799896,
            0.0010800305753946304,
            0.0001833895075833425
        ]
    },
    "fungi -> plant": {
        "relations": [
            "no-relation",
            "taxonomy",
            "meronym",
            "spatial"
        ],
        "confidence": [
            0.9968026876449585,
            0.0023002848029136658,
            0.000797675980720669,
            9.93841968011111e-05
        ]
    },
    "fungi -> eukaryote": {
        "relations": [
            "no-relation",
            "taxonomy",
            "meronym",
            "spatial"
        ],
        "confidence": [
            0.9137454628944397,
            0.08515478670597076,
            0.0009604087681509554,
            0.0001394477003486827
        ]
    },
    "plant -> eukaryote": {
        "relations": [
            "no-relation",
            "taxonomy",
            "meronym",
            "spatial"
        ],
        "confidence": [
            0.867135763168335,
            0.1313827782869339,
            0.001309961429797113,
            0.00017159579147119075
        ]
    }
}